,Unnamed: 0,Management Tone,Stock Movement,label,score,Form type,Date
0,0,"The section reflects concerns over rising expenses and operational risks, including potential shortfalls in performance and security vulnerabilities. Management's outlook is cautious due to challenges in expansion and funding needs.",Down,negative,-0.9530920386314392,10-Q,2016-05-10
1,1,"The section reflects a mix of revenue growth and increased expenses impacting margins and profitability. Operational challenges and risks are acknowledged, particularly in meeting production demands and expanding infrastructure.",Neutral,negative,-0.8199920654296875,10-Q,2016-08-05
2,2,"The section reflects strong revenue growth across multiple segments, improved profitability, and ambitious expansion plans. However, it also acknowledges operational risks that could impact future performance.",Up,positive,0.7013234496116638,10-Q,2016-11-02
3,3,"The section reflects strong revenue growth across automotive and energy segments, with significant improvements in profitability. Management is optimistic about future expansion plans and international growth.",Up,positive,0.9446403980255127,10-Q,2017-05-10
4,4,"The section reflects strong revenue growth and improved profitability across segments, with a focus on innovation and expansion plans. However, there are challenges related to execution and regulatory compliance.",Up,positive,0.6444608569145203,10-Q,2017-08-04
5,5,"The section reflects strong revenue growth driven by significant increases in various segments, despite rising costs impacting margins. Management is optimistic about future expansion plans and operational improvements.",Up,positive,0.9494071006774902,10-Q,2017-11-03
6,6,"The section reflects concerns over declining margins and rising operational costs, despite ongoing investments in growth and expansion. Management acknowledges significant challenges that could impact future performance.",Down,negative,-0.9567649364471436,10-Q,2018-05-07
7,7,"The section reflects a mix of increased operational costs and improved income from other sources, indicating cautious optimism. However, operational challenges and risks are also highlighted, suggesting a balanced outlook.",Neutral,positive,0.9538475871086121,10-Q,2018-08-06
8,8,"The section reflects concerns over rising expenses and operational challenges, particularly related to technology system implementations and competition for talent. Despite expansion plans, risks to financial reporting and operational efficiency are highlighted.",Down,negative,-0.9291718602180481,10-Q,2018-11-02
9,9,"The management expresses strong revenue growth driven by the automotive segment, despite some challenges in the energy segment. They highlight ongoing investments and cost",Up,positive,0.852299690246582,10-Q,2019-04-29
10,10,"The management expresses optimism about significant revenue growth in the automotive segment, despite challenges in the energy segment and operational risks. They highlight strategic plans for future expansion and the importance of key personnel.",Up,positive,0.9248402118682861,10-Q,2019-07-29
11,11,The management discusses mixed financial performance with revenue declines in the short term but growth in the longer term. They highlight operational challenges and plans for expansion while emphasizing the need to manage growth effectively.,Neutral,negative,-0.9349645972251892,10-Q,2019-10-29
12,12,"The management expresses optimism with significant revenue growth and improved margins, despite some operational challenges. Future expansion plans are robust, indicating confidence in continued growth.",Up,positive,0.9543647766113281,10-Q,2020-04-30
13,13,"Despite a slight decline in automotive revenues, gross profit and margins improved significantly. Management is optimistic about expansion plans and future cash flow.",Up,positive,0.927937388420105,10-Q,2020-07-28
14,14,"The management expresses strong revenue growth, particularly in the automotive segment, and highlights plans for expansion and capital projects. However, they acknowledge operational challenges that need to be addressed.",Up,positive,0.8597665429115295,10-Q,2020-10-26
15,15,"The section reflects strong revenue growth across various segments, with consistent gross margins despite rising costs. Management is optimistic about future growth while acknowledging operational challenges.",Up,positive,0.8431123495101929,10-Q,2021-04-28
16,16,"The section reflects strong revenue growth driven by strategic investments, despite increased expenses. Management is optimistic about future expansion and operational efficiency.",Up,positive,0.9445645809173584,10-Q,2021-07-27
17,17,"The section reflects strong revenue growth across multiple segments, with significant increases in automotive and energy revenues. Management is optimistic about future investments and expansion plans despite facing operational challenges.",Up,positive,0.9447791576385498,10-Q,2021-10-25
18,18,"The section reflects strong revenue growth across multiple segments, improved gross margins, and a commitment to significant capital expenditures for future expansion. However, it also acknowledges operational challenges and risks.",Up,positive,0.8807616233825684,10-Q,2022-04-25
19,19,"The management expresses optimism regarding revenue growth and improved margins, particularly in the energy generation and storage segment. They acknowledge operational challenges but emphasize plans for expansion and increased production capabilities.",Up,positive,0.9514044523239136,10-Q,2022-07-25
20,20,"The section reflects strong revenue growth and improved margins, driven by effective cost management and strategic expansion plans. However, it acknowledges operational challenges related to supply chain vulnerabilities.",Up,positive,0.8744885325431824,10-Q,2022-10-24
21,21,"The section reflects strong revenue growth, particularly in the energy segment, despite challenges with declining margins. Management is optimistic about future expansion and capital investments to enhance production and delivery capabilities.",Up,positive,0.9407991170883179,10-Q,2023-04-24
22,22,"The management expresses strong revenue growth and improved margins, indicating a positive financial trajectory. They acknowledge operational challenges but remain optimistic about future expansion and capital investments.",Up,positive,0.9504406452178955,10-Q,2023-07-24
23,23,The section reflects a mixed financial performance with notable revenue growth in some areas but increased expenses and operational challenges. Management remains focused on expansion plans despite risks.,Neutral,neutral,0.0,10-Q,2023-10-23
24,24,The section reflects a mixed performance with revenue growth in some areas but declining margins and increased operational challenges. Management remains optimistic about future expansion plans and maintaining positive cash flow.,Neutral,negative,-0.9223997592926025,10-Q,2024-04-24
25,25,The management discusses mixed financial performance with revenue growth in certain segments but declining margins overall. They highlight operational challenges and a strong focus on future expansion plans.,Neutral,negative,-0.963513195514679,10-Q,2024-04-24
26,26,"The section reflects a mixed outlook with improvements in certain areas like energy margins, but also highlights significant operational challenges and risks that could impact future performance.",Neutral,negative,-0.732106626033783,10-Q,2024-10-24
27,27,"The section reflects concerns over declining automotive revenue and operational challenges, despite some growth in energy generation. Management acknowledges risks that could impact future performance.",Down,negative,-0.9510194659233093,10-Q,2025-04-23
28,28,The section reflects a mixed performance with revenue growth in some segments but declining margins in automotive. Operational challenges and significant future capital expenditures indicate cautious optimism.,Neutral,negative,-0.9667261838912964,10-Q,2025-07-24
29,29,The section reflects mixed financial performance with notable revenue growth in some segments but challenges in automotive sales and regulatory credits. Management is focused on long,Neutral,neutral,0.0,10-Q,2025-10-23
